channel,channel_id,channel_group,date,start,end,duration,programme_id,title,original_title,year,category,country,season,episode,episode_code,director,actors,imdb_id,imdb_rating,letterboxd_rating,rt_audience,rt_critics,metacritic,trakt,description
Cinestar Premiere 2 HD,CP2,Filmski,2026-10-03,00:00,00:10,10 min,1831027235,Smrtonosni objem,Strange Darling,2023,"film, Srhljivka, Grozljivka",ZDA,,,,JT Mollner,"Willa Fitzgerald (The Lady), Kyle Gallner (The Demon), Madisen Beaty (Gale), Bianca A. Santos (Tanya), Steven Michael Quezada (Pete), Ed Begley Jr. (Frederick), Barbara Hershey (Genevieve), Denise Grayson (Libby), Eugenia Kuzmina (Beth)",tt22375054,7,7,85,96,80,70,"Odličen psihološki triler se poglobi v intenzivno igro mačke in miši med mlado žensko in serijskim morilcem. Film gledalce popelje na nelinearno potovanje skozi temačen, izkrivljen odnos med obema, pri čemer izziva percepcije in zabriše meje med plenilcem in plenom. Zgodba, ki se odvija skozi različne časovne okvire, se poglablja v teme obsedenosti, preživetja in kompleksnosti človeške narave, z napeto atmosfero in nepričakovanimi preobrati."
Cinestar Premiere 2 HD,CP2,Filmski,2026-10-03,00:10,01:50,1 h 40 min,1346595731,Tujci: Drugo poglavje,"Strangers, The: Trilogy Part 2",2023,"film, Srhljivka, Misterij",ZDA,,,,Renny Harlin,"Madelaine Petsch (Maya), Gabriel Basso (Gregory), Ema Horvath (Shelly), Ema Horvath (Pinup), Olivia Kreutzova (Dollface Double), Matus Lajcak (Scarecrow Double), Brooke Lena Johnson (Nurse Danica), JR Esposito (Doctor), Richard Brake (Sheriff Rotter)",tt28671344,4.7,3.6,54,15,28,55,"Ko morilci odkrijejo, da je ena od njihovih žrtev, Maya (Madelaine Petsch), še vedno živa, se vrnejo brez usmiljenja, odločeni dokončati, kar so začeli. Maya, ujeta v nočno moro brez izhoda in brez kogarkoli, ki bi mu lahko zaupala, mora preživeti še en val groze, medtem ko jo morilci neusmiljeno preganjajo, pri tem pa jih vodi bolezenska, neusahljiva sla po uničenju. Usmiljenje zanje ne obstaja - le smrt za vsakogar, ki jim prekriža pot."
Cinestar Premiere 2 HD,CP2,Filmski,2026-10-03,01:50,03:28,1 h 38 min,62179047,Zmešani geni,Ooh La La!,2023,"film, Komedija",Francija,,,,Julien Hervé,"Christian Clavier (Frédéric Bouvier Sauvage), Didier Bourdon (Gérard Martin), Sylvie Testud (Nicole Martin), Marianne Denicourt (Catherine Bouvier Sauvage), Julien Pestel (François Martin), Chloé Coulloud (Alice Bouvier Sauvage), Sophie Froissard (Maria la gouvernante), Johann Dionnet (M. Ribeiro le plombier), Patrick Préjean (M. Martin)",tt19381382,5.9,4.8,,,,63,"Komedija zmešnjav o družini Bouvier-Sauvage, ki se ima za družbeno smetano, elito. Ko se njihova hči Alice zaljubi v Françoisa, sina prodajalca peugeotov, njena starša ne skačeta ravno od sreče. Tik pred poroko se bodoča mladoporočenca domislita nadvse izvirnega darila, da bi družini spojila: test DNA, ki bo razkril prednike vsake družine. A presenečenje se kaj hitro nepričakovano in grdo sfiži …"
Cinestar Premiere 2 HD,CP2,Filmski,2026-10-03,03:28,07:00,3 h 32 min,3820954417,PANORAMA PROGRAMA,,,film,,,,,,,,,,,,,,
Cinestar Premiere 2 HD,CP2,Filmski,2026-10-03,07:00,08:35,1 h 35 min,2827254957,Legenda o fantastičnih bitjih,Lendarys,2023,"film, Pustolovščina, Animacija, Drama",Kanada,,,,"Philippe Duchene, Cuvelier Jean-Baptiste","Rudi James Jephcott (Zak), Robert Hoehn (Wowo), Laura Woody (Indiana Rosefire), Colin Bates (Kyle), Tom Morton (Big Wowo)",tt17494412,5,,,,,65,"V središču namišljenega sveta, polnega fantastičnih bitij in nevarnih pošasti, trinajstletni Zak išče svojega skrivnostno izginulega dvojčka Kylea. Opremljen z magičnim žadovim kamnom, katerega moči še ne obvlada, se mu pridružita babica NaiNai in lepa izobčenka Indiana, ki zna komunicirati z bitji fantastičnega sveta. Ob njem je tudi Wowo, nekdanji ogromni kosmatinec, a po sočenju z magijo žadovega kamna zdaj majhna, prisrčna in norčava kepica."
Cinestar Premiere 2 HD,CP2,Filmski,2026-10-03,08:35,10:40,2 h 5 min,783451814,Proti vsem pravilom,Rule Breakers,2025,"film, Drama",ZDA,,,,Bill Guttentag,"Nikohl Boosheri (Roya Mahboob), Ali Fazal (Samir Sinha), Phoebe Waller-Bridge (Jessica Curie), Mustapha Adidou (Airport Passenger), Amber Afzali (Esin), Waj Ali (Ahmed), Gracie Anderson (Example), Mansour Badri (Customs Boss), Tarik Belmekki (Herat Taxi Van Driver)",tt23398348,6.6,6.4,96,80,55,72,"V državi, kjer velja izobraževanje deklic za upor, uči vizionarka mlade nadebudnice sanjati. Ko pritegne njihova inovacija pozornost vsega sveta, se iz njihovega uspeha rodi upanje ... In nasprotovanje. Kljub grožnjam in žrtvovanju njihov pogum in enotnost sprožita gibanje, ki bi lahko za vselej spremenilo svet."
Cinestar Premiere 2 HD,CP2,Filmski,2026-10-03,10:40,12:25,1 h 45 min,1409934461,Velika nagrada Evrope,Grand Prix of Europe,2025,"film, Animacija, Komedija, Družina",Nemčija,,,,Waldemar Fast,"Gemma Arterton (Edda), Thomas Brodie-Sangster (Ed), Hayley Atwell (Cindy), Lenny Henry (Erwin), Rob Beckett (Enzo)",tt32897929,5.8,5.2,,,,71,"Edda, mlada miška, sanja o tem, da bi postala dirkačica. Ko se približuje evropski Grand Prix, izkoristi priložnost, da se prijavi na dirko, spozna svojega idola Eda in kljubuje vsem oviram, da bi uresničila svoje sanje ter pomagala rešiti družinski sejemski posel. Film režira Waldemar Fast, scenarij pa so prispevali Kirstie Falkous, Jeffrey Hylton in John T. Reynolds."
Cinestar Premiere 2 HD,CP2,Filmski,2026-10-03,12:25,14:25,2 h,2064183494,Usodni ovinek,Sharp Corner,2024,"film, Drama, Grozljivka",Kanada,,,,Jason Buxton,"Ben Foster (Josh McCall), Cobie Smulders (Rachel Davis-McCall), Gavin Drea (Erikson), Alex Castillo (Tamara Jones-Reed), Reid Price (Drew), Jonathan Watton (Dr. Peter Murphy), Dan Lett (David Chapman), Julia Dyan (Melissa), Trina Corkum (Man on Fires Wife)",tt9569096,5.9,6,48,92,76,61,"Predan družinski človek postane obseden z reševanjem življenj žrtev prometnih nesreč na ostrem ovinku pred njegovo hišo – obsesija, zaradi katere lahko izgubi prav vse."
Cinestar Premiere 2 HD,CP2,Filmski,2026-10-03,14:25,16:25,2 h,416859644,Igra imitacije,The Imitation Game,2014,"film, Biografija, Drama, Grozljivka",ZDA,,,,Morten Tyldum,"Benedict Cumberbatch (Alan Turing), Keira Knightley (Joan Clarke), Matthew Goode (Hugh Alexander), Allen Leech (John Cairncross), Rory Kinnear (Detective Robert Nock), Matthew Beard (Peter Hilton), Charles Dance (Commander Denniston), Mark Strong (Stewart Menzies), James Northcote (Jack Good)",tt2084970,8,7.8,91,90,71,82,"Film Igra imitacije je posnet po resnični zgodbi Alana Turinga, genialnega britanskega matematika in računalničarja, ki je uspel med 2. svetovno vojno dekodirati šifrirni komunikacijski sistem, ki so ga nacisti uporabljali za medsebojno komunikacijo. Enako skrivnostno je bilo tudi njegovo zasebno življenje."
Cinestar Premiere 2 HD,CP2,Filmski,2026-10-03,16:25,18:05,1 h 40 min,2403849429,Zmešani geni,Ooh La La!,2023,"film, Komedija",Francija,,,,Julien Hervé,"Christian Clavier (Frédéric Bouvier Sauvage), Didier Bourdon (Gérard Martin), Sylvie Testud (Nicole Martin), Marianne Denicourt (Catherine Bouvier Sauvage), Julien Pestel (François Martin), Chloé Coulloud (Alice Bouvier Sauvage), Sophie Froissard (Maria la gouvernante), Johann Dionnet (M. Ribeiro le plombier), Patrick Préjean (M. Martin)",tt19381382,5.9,4.8,,,,63,"Komedija zmešnjav o družini Bouvier-Sauvage, ki se ima za družbeno smetano, elito. Ko se njihova hči Alice zaljubi v Françoisa, sina prodajalca peugeotov, njena starša ne skačeta ravno od sreče. Tik pred poroko se bodoča mladoporočenca domislita nadvse izvirnega darila, da bi družini spojila: test DNA, ki bo razkril prednike vsake družine. A presenečenje se kaj hitro nepričakovano in grdo sfiži …"
Cinestar Premiere 2 HD,CP2,Filmski,2026-10-03,18:05,20:30,2 h 25 min,2780364008,Izgubljeno mesto Z,The Lost City Of Z,2016,"film, Pustolovščina, Biografija, Drama",ZDA,,,,James Gray,"Charlie Hunnam (Percy Fawcett), Robert Pattinson (Henry Costin), Sienna Miller (Nina Fawcett), Tom Holland (Jack Fawcett), Edward Ashley (Arthur Manley), Angus Macfadyen (James Murray), Ian McDiarmid (Sir George Goldie), Clive Francis (Sir John Scott Keltie), Pedro Coello (Tadjui)",tt1212428,6.6,6.8,58,85,78,66,"Percy Fawcett, britanski arheolog, se je leta 1925 odpravil raziskovat Amazonski pragozd, da bi našel starodavno civilizacijo ter odkril enega največjih odkritij vseh časov. Evropejci so stoletja verjeli, da se v džungli skriva kraljestvo El Dorada. Raziskovalci so najpogosteje umrli od lakote in bolezni ali pa so jih ubili domorodci ter so tako dali človeštvu vtis, da je Amazonka resnično nenaseljena. Fawcett pa se je na to pot pripravljal več let. Z mestom „Z“, domnevnim El Dorado, so obsedeni mnogi raziskovalci, arheologi, pustolovci. Toda vsaka odprava, ki ga je skušala najti, je tragično končala."
Cinestar Premiere 2 HD,CP2,Filmski,2026-10-03,20:30,22:25,1 h 55 min,1755725710,Veliki pohod,The Long Walk,2025,"film, Srhljivka, Grozljivka",ZDA,,,,Francis Lawrence,"Cooper Hoffman (Raymond Garraty #47), David Jonsson (Peter McVries #23), Garrett Wareing (Stebbins #38), Tut Nyuot (Arthur Baker #6), Charlie Plummer (Gary Barkovitch #5), Ben Wang (Hank Olson #46), Jordan Gonzalez (Richard Harkness #49), Joshua Odjick (Collie Parker #48), Mark Hamill (The Major)",tt10374610,6.6,7,85,88,71,69,"V distopičnih Združenih državah Amerike, ki jih z železno roko vodi totalitarni režim, se vsako leto odvije smrtonosno tekmovanje: Veliki pohod. Enaindevetdeset mladeničev se mora neprekinjeno premikati s hitrostjo najmanj 4,8 km/h— vsak počasnejši ali ustavljen korak se kaznuje z opozorilom – po treh sledi eliminacija. Tekma se konča šele, ko ostane le en zmagovalec ali preživeli. Francis Lawrence, režiser franšize Igre lakote, je posnel film kronološko — kar pomeni, da so igralci doživljali napredek izčrpanosti v realnem času, kar dodatno poudarja surovost in pristnost izkušnje."
Cinestar Premiere 2 HD,CP2,Filmski,2026-10-03,22:25,00:35,2 h 10 min,4119328549,Klub zdravja Dallas,Dallas Buyers Club,2013,"film, Biografija, Drama",ZDA,,,,Jean-Marc Vallee,"Matthew McConaughey (Ron Woodroof), Jennifer Garner (Eve), Jared Leto (Rayon), Steve Zahn (Tucker), Denis O'Hare (Dr. Sevard), Michael O'Neill (Richard Barkley), Dallas Roberts (David Wayne), Griffin Dunne (Dr. Vass), Kevin Rankin (T.J.)",tt0790636,7.9,8,91,92,77,80,"Navaden mož se v Ameriki bori za preživetje v negotovih časih. Film je navdihnjen z resničnimi dogodki zgodbe o moči in vztrajnosti Rona Woodroofa. Matthew McConaughey je v vlogi resničnega moža, čigar osebni interes je prerasel v nekaj mnogo večjega. Teksašan Ron Woodroof je električar in rodeo kavboj, znan po svojem zabavljaškem in brezbrižnem življenju, ki leta 1985 doživi šok, ko mu postavijo diagnozo aidsa ter mu povedo, da mu je ostalo komaj 30 dni življenja. Vendar pa ne sprejme te smrtne obsodbe.
Film je dobil oskarja in zlati globus za glavno in stransko moško vlogo."
